Timestamp,Date,Describe,Category
10/15/2024 12:33:05,10/14/2024,Dharmik buying iPhone worth 1.4L. I can never think of buying it even at 4L salary and he is just earning below 50k. How these things happen? I wonder.,Personal
10/15/2024 12:33:54,10/15/2024,A child by mistake deleted his matches from father's phone and was very concerned if he can get back. Support team aise cases mein illegally bhi kar denge.,CH-Grassroots
10/15/2024 12:39:45,10/14/2024,"I had negative feelings for the whole incident where by Payal felt that I have pulled her down always, my bhabhi when she got money for my brother she had a return condition but never did they think on returning money that me or my father gave and we all are in bad condition.
She looks to them as if they have cheated us. She also blamed me for being optimistic. I was feeling very negative and I did not want to be negative.

Then this line occurs to me.
No one cheated us everyone believed in some story and that got wrong

And it started making me positive and I started finding solutions again.",Personal
10/16/2024 22:07:25,10/16/2024,"Gali bam to Montu
How childhood moments resurface and you enjoy a lot.i did to her when she hit Shaurya and Shaurya complained ",Personal
10/16/2024 22:10:18,10/16/2024,"I was on my way to doing errands and meet this shingoda seller . He said itne mein kya time lagta hai. How we do not have time. How much was he courteous and thankful and I was not  I was only transacting.he also asked mp kitne din ke liye Jaa rahe ho.

Why do we not have time ?",Personal
10/16/2024 22:14:44,10/16/2024,"Standup support
Emotions 
Dharmik - iphone reminding father 
Ronak - sister can not think if he will meet again or not. I want to make her feel proud.
How i have lost those emotions in the process of being responsible?",Personal
10/22/2024 19:37:28,10/22/2024,"Ravibhai was looking for supporting me and I thought he was with some other negative intentions.

How we can not trust others how i wish i could have thought positively ",Personal
10/24/2024 13:17:46,10/24/2024,"Ashish on DB3 work ""tame kehsho to hun kari daish""
At what all level I want him to commit after disagreement.

- If things fail I am 100% there in all the cases.

But after you committing
- If you see any issues bring to my notice.
- If you talk to anyone say that I was in disagreement but now I decided to commit on these basis.
- When you commit understand / not agree on the basis of which we are committing.",CH-Culture
10/28/2024 19:44:23,10/28/2024,"Rick driver on way back from office 
How we do not have time for anyone these days ?
Earning and spending money is the main time killing activity ",Personal
10/28/2024 19:45:42,10/28/2024,Rick driver from pakwan to karnavati how bums ache after driving rickshaw for a man with weight ,Personal
10/28/2024 19:47:24,10/28/2024,"Many people in order to meet ends need to earn in multiple ways 

Rick driving in side with a day job
Rick driving in side with tea stall

How money making has become harder ?",Personal
11/2/2024 13:26:23,11/2/2024,"What you feel inside
Dance example 
How you see from.outside 
How the one feels inside ",Personal
11/7/2024 21:37:43,11/7/2024,"How teaching kids is so important 
How fenil seems tough on kids but teaches the right thing
Fenil teaching Dhyey the game of Declare and focus is only on teaching right thing ",Personal
11/12/2024 22:08:26,11/12/2024,"How the early stage startup days are?
When you progress in life you forget some cherishable moments and then when you see them again you feel living them again and feel good about it.

Homeground team sharing their story of 4 years journey and how they remained honest.",Personal
11/12/2024 22:09:55,11/12/2024,How finding Maharshi and talking to homeground started making a lot of sense of progress. Many times in life there are phases of progress and quantum of progress. ,Personal
11/13/2024 5:59:14,11/13/2024,"During meditation
Think when it ends
Think what is next 
Think what I am doing and how can it be better 

Most of the times I have thought about first two and how can I be more present ",Personal
11/13/2024 9:28:55,11/13/2024,"Pencil gone from life
As Shaurya has stopped using pencil
Things that when we leave we love to leave and then later on we yeArn for it.",Personal
11/13/2024 9:29:25,11/12/2024,Did not say what hardik was upset about during dinner to payal observe this ,Personal
11/14/2024 10:19:05,11/14/2024,"Life is a race and life is a journey
When we dropped kids and I was rushing to go back home and payal stopped till kids boarded bus ",Personal
11/16/2024 7:05:23,11/2/2024,"Learn and practice to think about yourself in right way.
Simulate decisions do not only remain hopeful and take only one optimistic view.
This will level up decision making in your life.
",Thoughts
11/16/2024 7:07:09,11/7/2024,"When I was visiting Kanha Jungle during Safari, I found that how separate the jungles are from places where humans' live but had there been a time in past where animals and humans had lived in harmony. Where humans also used to live in Jungle.",Personal
11/19/2024 17:27:36,11/19/2024,"Who has done it?
- is an ego question. What do you get out of it?",Thoughts
11/25/2024 21:49:49,11/25/2024,I went to Abhishek with solution architect hiring thoughts on why we should not hire him and it worked out i did not think it would go that easy ,Event
11/25/2024 21:52:30,11/25/2024,"Two places I became less.violent while returning with Kashyap 

1. How we could have avoided the downtime with matches query updating first 
2. How pro discounts actually has increased revenue.",OFNR - Self
11/25/2024 21:55:03,11/25/2024,Starting yesterday when the server error has come Abhishek has not involved me and I had feeling that he does not want to involve me and eventually wants to take.away things from me to make me feel useless. I constantly kept searching for events that prove that. ,OFNR - Self
11/25/2024 21:58:45,11/25/2024,"When you become consistent and you tend to improve the following kind of experiences happen.
I was looking at my personal work discipline and I today added one powerful tool of reverse engineering from my main goal. This has helped me think really well around what should I be doing right now if I want to pursue goal of making 100, Cr. Revenue.

Habits improve and that improve is worth the wait.",Personal
11/25/2024 22:00:18,11/25/2024,Met aditya for walk at oxygen park,Event
11/26/2024 21:48:45,11/26/2024,"Payal discussion around how selling cars and not getting deposit money is not my priority and mom telling to fill less papaya triggered her 

I decided to stop eating sweets till things get to stability ",Event
11/27/2024 5:59:50,11/26/2024,"- stop preaching and see what you are doing more
- what is the underlying reason of not able to being practical a. Is it emotions b.. is it duty c. Is it not being able to have hard conversation on either side?
- what is wrong here according to you? Should you do anything around that wrong ? Why is she not valued in house? ",Thoughts
11/27/2024 12:04:14,11/27/2024,"an eCommerce support vs a CricHeroes support
At the end you have a choice to return or refund or replace.
At CricHeroes it is not that simple. You have to edit the score, and more importantly mediate looking at the situation. We can also be a platform without emotion towards your cricket and simply say this is not my problem you deal with it. But instead we try to understand where they are coming from and try to do whatever we can even when we know it is hard to do.",CH-Grassroots
11/27/2024 21:43:38,11/27/2024,I would not like to meet Anjali if Abhi is around I will feel awkward ,OFNR - Self
11/27/2024 21:44:36,11/27/2024,I will not go with Rima because. If I go down with her for car Kashyap may notice and feel bad and if I ask Rima to wait outside she may feel bad.,OFNR - Self
11/27/2024 21:53:13,11/27/2024,"Two days back to back

Day 1 payal gets angry due to mummy and looses on mummy and you try to understand and please her. She angrily says she won't let anyone come in house.

Payal gets okay next day and you feel very good about it.

Day 2 Hardik gets angry due to cold war.between payal and Namrata and parents suffer due to that. You tell yourself can not do anything about it. Another thing he mentions is how Payal is mistreating him by not talking to him. The potato and vessel example. He says  there won't be any relationship between us for sure.

Think of money and behavior problems.

You would not bother a lot of what happens to your brother.

What is happening here ?

Are you trying to make everyone happy here ?
Are you waiting for the right time to say things / preach?
",OFNR - Self
12/2/2024 16:15:44,11/29/2024,"Learning works in step function, sometimes you learn so much in a meeting of an hour that is more then what you have learnt in years. Example one meeting around RDS performance issue and that leveled up understanding of how threading can hurt performance and so far I was thinking only in terms of queries.",Thoughts
12/2/2024 16:16:42,11/28/2024,"Instead of having a non-violent communication can we have a conversation with energy, humour and which is more pleasant.",Thoughts
12/4/2024 8:29:30,12/3/2024,"Meeting with Siddharth on what good.leadership can be.

",Event
12/4/2024 8:30:17,12/3/2024,When Hardik said about preparing food in a way that payal did not have dinner ,Event
12/4/2024 8:39:01,12/3/2024,"Good leadership lessons 

- be with them when they are unable to move things.
- be firm on your stand and fight for it as well if needed. Do not loose it easily for the sake of being good or accomodative.
- firm up belief in boring management and appreciate boring management.
- putting up point is not important making sure it goes further as a leader if you really want something to pass through 
- you won't be able to make everyone happy, 
- everyone will not agree with you. Whether you are right or wrong does not make difference.
- not everything needs reaction.
- everyone will not like you everytime .
- share what you feel in right way to right people that will make things good in longer run.
- focus on long term impact . be demanding and have an eye for quality ",Thoughts
12/6/2024 15:50:00,12/5/2024,"Payal while going on reception floor, I told her not to hurry and she became defensive. I could have told her that I see you going up before others come down.",OFNR - Other
12/6/2024 15:51:16,12/6/2024,"How I reacted saying you finish it quickly and do not make it beyond 3 pm for shweta's meeting. I could have just said do you think it will take long for you, I just wanted that if possible leave early.",OFNR - Other
12/7/2024 12:04:27,12/6/2024,"While talking to Birva over call how she said that Hundia's were busy showing that we are Marvadi's and we show that arrogance.

I observed that I saw a good family values and then kept on thinking around that. Then I started seeing how can I adopt it and where am I missing it. I did not see other part. Even Aanshi told me that it looks more like male dominating stuff and I said it is okay. So I feel that I was not able to observer hollistically. One point of view (good or bad) may be blocking my observation skills.",OFNR - Self
3/13/2025 10:45:19,3/13/2025,"On the walk today while talking about respect, and she explained me how it hurts her that it is always respect and her that is being seen not anything else.

I learnt that apart from respect the authority or control is another thing that my brother will need and if that need is unmet the behavior affects.

I also realised that she being opinionated is the main thing which we are not adjusting to.

Post that when we were talking about party expense, I realised that I was just trying to satisfy my ego that I at least did something and in that process I was not able to see the gratefulness that I can have for the things she is doing.",Thoughts
3/13/2025 10:47:35,3/13/2025,"I have not thanked you enough till date for the things that you have done for yourself which I should have done for you.
I have not thanked you enough till date for the things that you have done for me by bringing things for me and always seen it from simplicity lens or I could have spent on something else.",Payal Letter
3/15/2025 7:10:58,3/14/2025,"I sometimes jokingly say that I can do without you. But very frankly i learnt that I can not think of living without you. I feel I do not do most of the things without asking you.
",Payal Letter
3/24/2025 5:57:21,3/24/2025,"When Hardik and I was having lunch at that time dad was leaving and he was going to take the tiago car and was going to load it with kitchen baskets for Nareshbhai.

Dad got angry on hardik when he said not to load fully.

Dad - 
Evaluation of hardik you always think that I do not care about work
Feeling frustration
Need independence
Request Not to come in between

Hardik
Evaluation of Hardik he does not care about car and he goes over board for Naresh
Feeling - embarrassed
Need - to be heard
Request take care of car. ",OFNR - Other
3/24/2025 5:58:23,3/20/2025,"With Hexon team I could have been transparent when decided to take things inhouse and avoided a lot of confusion, waste of time and money, and agitation within teams.",Event
3/24/2025 5:59:19,3/18/2025,"While discussing Karma plan, I could have been listening and suggesting mode to Amrita's plan rather than explaining my plan and sticking to it and explaining its logic.",OFNR - Self
3/25/2025 8:54:56,3/25/2025,"When I can not afford.other 2 kids 
I feel sad and conflicted because i need fairness, joy, and care for each of you 
Hence can we try and go in parts?",OFNR - Self
4/3/2025 9:45:59,4/3/2025,How i am a failure in married life not taking care.of.emotional and.financial needs of my wife and kids ,Personal
5/14/2025 12:41:16,5/5/2025,"I need to stop judging people early on.
When Siddharth was sharing idea about matches I assumed he did not think about some scenarios before reading his document or project on nearby matches.
I need to first understand and listen what he has done so far.

My observation
I last time while talking to siddharth did not listen his full side on the project and started judging
My feeling
I felt unhappy about it
My need 
I need to respect his time and listen to his ideas better.
My reqest
I should ask proper follow on questions and understand more before giving my ideas forming my opinion.

",OFNR - Self
6/8/2025 16:40:29,6/4/2025,"She told following two things.
- I do not take care of her during period and only ask how is the flow and not ask how is the pain just from a purely selfish point of having fun.
- I am not being truthful to her when I did not tell her about the Baleno accident.
- I am talking a lot about having hard conversation and not pleasing everyone but not doing anything there.
I realised
- I have not been taking her responsibilities when it came to taking hard steps when it came to fulfilling responsibilities towards her in 18 years of relationship.
- I should be working on the two points not pleasing and having difficult conversation wherever required.
",Event
6/13/2025 11:29:01,6/12/2025,"Thank you for conversing today.

What i felt not judged, loved, heard, and thankful (for the way you have stood to the mistakes that I have made in our married life.)

Things I remember and will reflect
1. I should not wrongfully empathise with my brother.
2. How giving money/helping others  has other important conditions.
- help yourself first
- help other in right way so that they do not get in that situation again
3. How two things I learnt wrong is if you have money donate, wrong implementation of kindness and aa bicharo
4. Business growth requires a growth mindset, willingness to earn more and get better at your work which is the right input to the system.

",Event
6/16/2025 10:52:47,6/13/2025,"I got agitated when she kept on telling I am not understanding around how the dinner item used to get decided. She felt I got angry and have never felt such before.
She also felt that I do not want to live any more just want to live for Shaurya now.
Felt very bad that day.
Need to learn a better way to share my feelings and not stopping to share.",Event
6/23/2025 9:14:23,6/21/2025,"Discussion with Montu
Event : Her friends have started not talking to her.

Learning : 
How to live with self confidence and how to be yourself?
How to stand for yourself when you feel you are right?
How to look at when you are in mistake?
How to read others?
How to keep your boundaries?
",Event
6/23/2025 9:17:45,6/21/2025,"Event : AWS Community Day Presentation

Observations:
I mostly keep running and do not have time for anything.
I went in hush and to please payal I was trying to get the Montu to take to movie.
I went with Payal to choose things and almost got late for event.
I listened to her frustration when things did not pan out well for her.
I try to take up all the homework if no one else does it.

Learning:
Pleasing does not help you.
You need to be clear on what your priorities are for your life and tell it clearly.
You need to take up less then you can chew and not commit to everything.
Let everyone own the homework.",Event
6/23/2025 9:18:54,6/22/2025,"Event : 
Montu did not like when I said to finish work first before talking to Aadi.
I did not try to please her right after that.
I kept on craving for that.
I shared my view as well which I used not to do it.

Learning
Share your views.
Let difficult conversation happen.",Event
6/23/2025 9:22:15,6/22/2025,"Event
While went to take shaurya's school pant.
I also told her of how do I view Hardik's situation and overall shop vala point.


General
How having clarity once and for all makes sense?
How to work on feedback?
How to have your own choices and have your own impression?
How business growth is connected to quality and if you do not do that you die?
How to demand quality?
How rugged and haphazard approach which I have kept for most part of my life will not help me grow further and that has also not helped Novelty grow further?

Learning:
Have your choices and impression
Be yourself and do not please everyone.
Demand quality in order to grow.
",Event
6/23/2025 10:57:32,6/22/2025,Following rules as citizen and do not become cheap and try to mature while driving do not take unnecessary and cheaky shortcuts.,Event
7/6/2025 15:11:29,7/2/2025,"Payal told me
I am ungrateful. I have used her mentally, physically, and financially.

I can not cry i can. Not speak but I can write 
Wish from God 
Return to kul 
1000 gani khushi
10 ppl

10 ppl you only think do not burden her with that.",Event
8/7/2025 6:00:47,9/17/2024,"I was happy for the progress made in day. Had a good meeting with Rishab around current form, had good discussion on leadership catchup, good clarity happening with NNL thing, and first payment from streaming services.",OFNR - Self
8/7/2025 6:01:25,9/17/2024,"while going to office I felt lost on what am I trying to achieve in my life? Last night discussion with Aanshi happened , in morning the discussion about car happened, while going to office the discussion about my wish happened. I felt as if all of this is not helping me help people around me. I am finding it difficult to buy home, help my brother, make payal happy and take away her worries, make mom and dad relax a bit. I also feared of what God will punish me.for what i did with payal.",OFNR - Self
8/7/2025 6:01:54,9/12/2024,I went on defensive first and ego came in between when she said this is like begging and then upon thinking around it quickly realised that it was my fear and low confidence of not getting business that was speaking around deal with Parthiv then anything else. When i learnt that i felt excited about the same. ,OFNR - Self
8/7/2025 6:02:20,9/12/2024,meeting with Ronak and Siddharth : how will I convince now to not work on certain products . Is it a bandwidth question or choice or wisdom question.my feeling was.excitement but need to level up to get that yes on I could do what I wished for. And prove.two things for yourself. You decided on something.you made it happen ,OFNR - Self
8/7/2025 6:02:52,9/11/2024,I am feeling terrible to not have understood her feelings and needs again failed at understanding her emotional needs. Need to level up man she is hurt. How am I forgetting her needs and even my needs in the light of the situation around me and try to impose my thinking about that situation on us. Money is not the main matter understanding emotional needs is also one and may be you need to be more vigilant about that.,OFNR - Self
8/30/2025 5:59:01,8/29/2025,"I did not understand her again.
She was telling me about she wanting a kitchen outside and I kept on logically arguing instead of understanding her needs.
She felt I am not even understanding her after 18 years.",Event
1/5/2026 22:37:09,1/5/2026,"Morning, went to say mom namaste, she said wear jackets and surprisingly I wore it. Connecting with how we value different things as we age. My mom's peace is more valuable to me then my free choices.",Event
1/5/2026 22:43:45,1/5/2026,I observed that Hiral offered me water when I was checking for water bottle. I felt tickled that how well she observes people around.,OFNR - Self
1/6/2026 7:01:51,1/5/2026,"At breakfast table, yesterday what happened i tried to be dad with kids on the way to cheers and thought should be friends and realised how they will be gone in some.time.",Event
1/6/2026 22:07:54,1/6/2026,"While having meeting with Rishab, Yeragra, Aditya, How much observant and conclusive Rishab can be
1. If Maharshi was not given rnd and sent back to Production. This shows his capability lag.
2. Why did he say that the PCB got ready last week.
3. 

On the contrary how I only work on today's information and right now and unable to link and observe stuff. This is limited information gathering. It looks like a great simplification and not helpful.",Event
1/8/2026 22:16:38,1/7/2026,"Payal was not happy with the way shaurya was taking studies.
She gave feedback to Shaurya
And first he started disagreeing but more he wanted to understand what his monther was trying to say. 
He did agree on what she was saying and then woke up till 11pm to finalie his homework,
Aha for me that how much context payal had how much she could see what is not happening. He was not using his brain while doing homework and clear examples. I realised that I only work with very recent and minmun context.",Event
1/12/2026 21:57:51,1/12/2026,When we were talking with Kanhai how naturally Abhi said that Sanket and Nachiket were not competent and I never wanted to do this business. He was so clear and I always thought world from others' perspective.,Event
1/19/2026 22:22:53,1/19/2026,"On lunch when I said that Payal stayed home due to Aanshi's exam, she felt awkward as she stayed home on Friday as there was overall work from home.

At the same time Abhi said this is what Kuntal said, he felt puzzled.",OFNR - Other
1/19/2026 22:25:02,1/19/2026,When I spoke to Mehul out of nowhere and came to know about his son's name and could spark conversation with him. I felt fulfilled.,OFNR - Self
1/19/2026 22:29:54,1/19/2026,"I can also be good at it.
For many days i was feeling this is hard.
I am not able to do it.
Today I did it such a small thing but what a realisation.
I could talk on non work and strike interesting conversation. (Grihit mom, Mehul son, Rima pollen allergy, Everyone sweets)
All things start to make sense. Share energy / mood from super communicators,  Be vulerable etc.",Event
1/20/2026 22:10:38,1/20/2026,I asked for cabbage salad which I usually do not ask.,Payal Letter / Loving Her
1/20/2026 22:14:42,1/12/2026,I wanted to say NO to DR Shah for IPO but could not say and kept justifying why I was right.,People Pleasing
1/20/2026 22:15:05,1/12/2026,I would never say that Sanket and Nachiket were not competent to a 3rd person even when he is opening like Kanhai talked about Hemal. I would not share about Sanket and Nachiket assuming that is wrong or what if they hear it.,People Pleasing
1/20/2026 22:15:22,1/8/2026,Had opinion that STO prep should be better. Would you share it? Or not assuming that everything went well ,People Pleasing
1/20/2026 22:15:35,1/8/2026,Communicate your opinion with Payal that you understand her plight only thing you can offer is helping hand and later on ability to sit back home.,People Pleasing
1/20/2026 22:16:20,1/19/2026,"- Mostly during day never felt low on confidence in fact felt very confident.
	* During meeting with Rima
	* While striking conversation with everyone Mehul, Grihit, Rima, Homeground Team etc.
",Low Confidence
1/20/2026 22:16:39,1/12/2026,"* When I saw Abhishek and Kanhai talking, I thought I was left alone and somehow felt that I have not achieved what even Kanhai achieved when he said that I have enough for my family not to worry. 
* The way they were able to pass the food, take the food, I always that let them take and then I take. They were asking and taking.",Low Confidence
1/20/2026 22:17:17,1/12/2026,"- How observant Abhishek and Kanhai both were.
	* Kanhai could see that there was oil on the table.
	* He observed Shaan Zaveri on what he wore how was his attitude towards others.
* How were they eating?
	* Talking easily. 
	* Eating easily. 
	* No hurry to finish meal and focusing on talking making connections.
* While Kanhai was talking, I was not making eye contact. This is my way of hearing but not seeming connecting with people.
",OFNR - Other
1/20/2026 22:20:15,1/20/2026,"Contrast
I was brought up in a way that everything is chill if you get good marks or bad you will do better next time.
But when Shaurya forgot his homework and teacher reminded overcall
The way Payal reacted and explained him
The way she could see future if the same attitude continues.
I found it amazing that how different this is.
How effective can parenting be?
How do you care about your kids?",Story
1/20/2026 22:28:26,1/20/2026,"While scolding shaurya Payal was disappointed that my son is not attentive and disrespectful in class.
Shaurya was feeling regretful and not ashamed.
Watching this I felt responsible and my need was shared responsibility and preparedness for future for Shaurya.",OFNR - Other
1/20/2026 22:32:08,1/20/2026,I felt concerned when Payal shared lunch incident and my need was of professional trust.,OFNR - Self
1/21/2026 22:26:36,1/21/2026,"Missing the bus and optimism.

I always felt that there is always a chance and that is optimism I carried
While talking to Rishab and Maharshi I saw that Rishab was not trying to take chance and I kept on nudging him
He has all the valid points but I was becoming over optimistic.

I realised that missing bus or ab pachhtaye kya jab chidiya chug gayi khet is a reality and nothing wrong about it.

What happens is that the other guy Maharshi will not be a fit in long run he will face problem in short run
Second argument is if you miss this bus catch some other bus that is how you can also look that as a positive outcome.",Story
1/21/2026 22:27:51,1/21/2026,"While going for lunch Abhishek asked that did they plan impromptu (Digicorp team) in fact he asked that when did they plan?
I felt he wanted to know whether he was called last moment.",OFNR - Other
1/21/2026 22:31:45,1/21/2026,"Observation
I prepared for company wide strategy meeting.
I went into meeting explaining something to leadership team.
The discussion went into numbers.
With PRO getting done without strategy.
Full discussion on store with some discussion on choices but no clear written thing.
I was not happy with structure not emerging out of it.
I found discussion valuable but still thinking takes a lot of time at leaders level.
I will have to come up with a good format to drive it further.
When I think again I feel this is a natural course of action.
I wanted structure first, I was not prepared, The discussion went how abhi wanted. It did not get any document done. Now I feel if I have a better structure then it will be done better and I plan to create that structure now.",OFNR - Self
1/21/2026 22:32:45,1/21/2026,"The way Meet put up point for B2B - Store when we all 3 were not convinced was good. The way he remains appreciative or cognizant of others facts is admirable.

",OFNR - Other
1/21/2026 22:34:37,1/21/2026,"I observe that
I was the one which started sharing no to B2B store and then I am the one who ended up with compelling argument to do that.

This at jr or md level looks like a great thing but at sr leadership level this kind of switching does not look good.

What I can do instead I can put this up as question.

What happens if we do not do B2B instead of in my opinion let us not do B2B.

This is very habitual to give judgements because always I have been a founder.",OFNR - Self
1/21/2026 22:40:14,1/21/2026,"While deciding on Maharshi.

1. I spoke to Rishab that is it okay if we do meeting later and do not disturb flow right now. Then I decide to speak today.

2. During meeting I put some points but in end I ask Rishab to see if he sees a way of accommodating it.

The pattern here to watch is
1. You want to try to keep him and you find him a good person but you are not able to see the issues or even remember the issues happening due to his work at team level and project level.
2. You do not see a long term wrongful impact of doing this.
3. You still want to keep him happy for the short term.
4. You also had a thought that if someone at PP comes to know or he tells PP team that it did not work out at CH how would they see it? Very small thought but it was there.
5. You always were doubting that are we not getting the right person out?

You did not give enough thought to
1. How does it affect our plan?
2. How will we build further team?
3. What are the issues we are facing ?
4. Clearly calling out issues. Glad they came during discussion.

The pattern is
1. You find it hard to be right.
2. You find it hard to form an opinion especially negative opinion. Because you leave things to chance. Learn to say what you do not like or what you find not in order. This is very much required at leadership level.
3. Back to pleasing people.
",OFNR - Self
1/21/2026 22:41:52,1/21/2026,"You know what
I made dhokla on my own without any help
brought curd at last moment
Did chilli last moment
Made sure Shaurya got it in tiffin
Felt sense of achievement",Story
1/21/2026 22:44:16,1/21/2026,"Very small thing but at lunch table with Digicorp team I asked for taking last bite of paneer after asking everyone.
This I would not do feeling that how would others feel.
Other thing I did is went ahead to meet Kinjal should have gone and met everyone.
Let me not think that if others are not doing why should I do. Just do it if you feel like doing it and it is not awkward. 

Back to Make them feel good and share energy. 
Kanhai.",Confidence
1/25/2026 16:46:19,1/21/2026,"While at lunch with Abhishek, Nachiket, and Payal, the discussion how people from Digicorp are settling in. Rima earned respect and I said Parth was doing a great job.  I did not add nuance of how respect in non-tech is being add. I have this habit of saying too good things for a person and forget adding nuance may be by that I just look more humble.
",People Pleasing
2/9/2026 22:24:51,2/9/2026,"Something I heard today and very interesting and I even applied it today and found results,
Payal explained Aanshi how Maa was greeting people coming home and she wanted to make sure that anyone coming home feels relaxed.
How can we also apply the same not by asking people how was your day instead are you hungry or understanding where he is right now and he can feel relaxed.
I tried with Shaurya on way back from office asked him whether he is hungry or whether he is tired and he must have felt good.",Story
2/9/2026 22:26:15,2/9/2026,"About retreat feedback
I find that there was serious feedback on retreat.
1. Chintan's attitude (This did not occur to me but it is on the lines I see.)
2. It was not a company retreat it was 3-4 group retreats.
3. Abhishek was also not attending everyone.

I could not say this but when I found support I double down on it.
I need to have courage for my opinions.",People Pleasing
2/9/2026 22:29:36,2/9/2026,"I’m feeling satisfied because my needs for effectiveness and progress were met today while working on capture. I worked on Capture team plan an important point, cleared out team with Rishab, looked at all capture issues, completed work focus. nicely.",OFNR - Self
2/9/2026 22:33:37,2/9/2026,"When I played TT with the team this evening, I felt happy and energised because it met my needs for play, connection, and competence. I’m committing to playing regularly to build my skills, and I’m excited about working towards winning an office tournament.",OFNR - Self
2/10/2026 5:37:55,1/7/2026,"- Went in negative spiral that how my work is not getting done. Some kind of imposter syndrome as well.
* How my work is important at CricHeroes?
* How am I not able to solve problems in Capture?
* What happens if I lose job?
* Similar negative thoughts happen on finances side.
* How am I not able to see capture problem and team problem?
* I always see other good and then see I am not that good and let me improve.
* What were positive thoughts like which took me out of it?
	* Possibilities what can happen.
	* Seeing things that are happening.
* My negative thoughts are only fuelled by my view of world. If someone tells me something not working out. I also do a lot of comparison of how someone is doing good and try to imitate rather than have your view and enjoy your way.
* From negative thoughts once I start seeing possibilities of what all can happen and realise what all I have done I feel positive. Not focus on what is not happening focus on possibilities and things you have done this will keep you positive and confident.
* Do not be bogged down by problems around you they will not go away overnight but you can be happy every moment and be in utsaah
",Thoughts
2/10/2026 5:39:04,1/1/2026,Thick chopada what could you have done. He made bad chopada I did not give feedback. I also did not observe that veg was not prepared I could have told that.,OFNR - Self
2/10/2026 5:40:34,12/21/2025,At Nirmala Masi's place the way I left and the reason I left. I should have said no and asked her to go and spent some more time which I wanted to. Be Yourself and preserve yourself.,People Pleasing
2/10/2026 5:41:34,12/17/2025,"- How to go about looking at problem? (Capture Audio - We can solve it. and we are very near. Rather then we have made a mistake I should have hired a team before. The problems are small and solvable. Do not use only long term or blaming mindset for problems.)
",Thoughts
2/10/2026 5:42:27,12/16/2025,"- I do not take similar care of parents as I take of Hardik or I do not take good care of my parents.
* I become calculative when it comes to paying servants.
",Confidence
2/10/2026 5:47:35,12/15/2025,"- When hardik said that dad told him that I am gonna get 10cr and he can rebuild the house then. I should not get carried away and tell dad and pass tension to him.
* You can not give him tension but you can remain clear with him on what you can and can not do.
* You need to understand to be on topic based agreement and not agree on whatever anyone says it is okay to disagree that does not make you bad.


“When Hardik shared that Dad believes I’ll get 10 cr and that plans are being made around it (O), I felt pressured and uneasy (F) because I need clarity, integrity, and the freedom to be honest about what I can and cannot do (N). I want to stay clear and set topic-based agreements rather than agreeing by default, even if that means disagreeing, while still being caring towards Dad (R).”",OFNR - Self
2/10/2026 5:48:32,12/12/2025,"- Dad cried - mom told me
* He does not want ask for money
* He does not understand why this happened to Hardik
* Mom wants me to keep giving some money whenever required
* How should he look at stuff
",Other
2/10/2026 5:49:49,12/10/2025,"- How Payal could share her view with Sanket about hetvi was here and you come afterwards and I did shy away from sharing it. Be authentic and okay to be disagreeable or unlikable.
",People Pleasing
2/10/2026 5:53:15,12/8/2025,"- Talking to dad with loud voice
* Humility should not be compromised
* also talked loudly with mom
* the issue was cooker opening
* it was very violent

Humility is not taught by shouting;
it is taught by how we handle power when we have it.

Feeling:
Disturbed, concerned

Needs:
Respect, humility, safety, peace

Action:
Pause → name impact → set calm boundary → protect parents’ dignity",Evaluation - Self
2/10/2026 5:56:30,11/23/2025,"- Puja shoutout incident while going on activa
* Rushu mameru incident
",Other
2/10/2026 5:57:42,11/15/2025,"- How does it hurt?
* How does it not give you what you want?
- My going to pick up Sanket's mom and having that function
* Dad going extra mile for kaka without understanding his needs or requirements",Overcommitment
2/10/2026 5:59:37,11/14/2025,"- Dad gifted me with Simplicity Vedas Naturopathy 
* Mom gifted me with tolerance (but also tolerating wrong stuff)",Gratitude
2/10/2026 6:01:59,11/7/2025,"- Growth meeting decision
	* I took decision fast and conveyed it to stop.
	* Listen to others ideas and then form a mature opinion.
	* Do not undermine your work.
	* Do not run in haste.
	* Do not think from one side or recency bias. (e.g. everyone seems to read memo assumption, can improve info gathering.)
	* 
",Low Confidence/ Self Doubt
2/10/2026 6:02:58,11/5/2025,"- Avoid pills embrace rest
* alopathy vs other logic
* symptoms theory vs lifestyle change
* acute to chronic disease journey
* how doctors have learnt and are doing
* not generalising doctors are bad",Thoughts
2/10/2026 6:03:25,11/5/2025,"* thoughts around leadership by Parth
	* casual conversation (Parth and Parita)
	* indian team arundhati example (how smriti did it)
	* how casual conversation can foster understanding
",Thoughts
2/10/2026 6:04:32,11/4/2025,"- Running, Reading is what I love doing
",OFNR - Self
2/10/2026 6:05:32,11/3/2025,"- Move fast (discussion with Payal and my conditioning is to think that w/o ch things should work out and ch will take time. it should be the other way round that how can we reach 1000 cr valuation in next 5 years. for that we need 300 cr revenue and keep backtracking it.)
* All part of life give time. When you design your new system do not delay interesting parts to future weave it in your life design. for e.g. dance practice once a week and then next year do music. 2 years plan etc. but enjoy the learning which you love.
* How to be interesting at talking. Standout, Highlight, Address them, Repeatable, Emotional (SHARE)?
* Learn most of the things via GPT.
",Thoughts
2/10/2026 6:09:32,10/27/2025,- How intimacy thoughts have affected me?,Thoughts
2/10/2026 6:09:59,10/26/2025,"- Everything can not be rosy if it is that way that means you are hiding something.
* Sharing opinion which is not positive is not bad or against dharma.
",Thoughts
2/10/2026 6:13:52,10/23/2025,"- It is not about you living with someone whom you do not know it is that I even do not know myself.
* Do not blame.on other or situation (take complete ownership, now it is not what dad said, what hardik will feel, how you have been brought up, it is what you decide to do and you only own it.) (do not play safe by putting on others.)
- How oversimplifying thought process has not helped me learn more.
* The one who shows you truth you will mostly curse or misunderstand them


Some questions and thoughts
- If we had money will we still fight over home expense? Does it mean that money is testing our character around taking responsibilitye?
* What are my duties in each relationship according to me and define for each 15 family members and see how it looks? As this has been your main driving force for making decisions.
* Everything can be explained via fundamental vedic theories. Can I understand these theories better?
	* Jad Chetan
	* Karma Fal
* How money affects you positive and negative?
* Why do we develop biases?
* Can we use NVC to heal people, who have grudges for long term?
",Thoughts
2/10/2026 6:16:10,10/21/2025,"- respect issue 
",Thoughts
2/10/2026 6:18:55,10/9/2025,- Life is a cycle and what are your normal stress ? Discussion with Nachiket. Reduce stress. Stop unnecessary comparison. Clear about what you need to do. What you want at the end of the day. How much money?,Low Confidence/ Self Doubt
2/10/2026 6:20:27,10/7/2025,"- Civic Sense should be prioritized for myself
* Sports is inherent and every child should play sports and I should have my kids go through that journey and I should continue that journey. Watching sports and playing sports.
* Money does not bring class.
* Argument with brother
",Thoughts
2/10/2026 6:21:51,10/6/2025,"::Overcoming fear and developing objectivity::
- Be happy do not be sad 

Fears
- She will leave me
* She will get unhappy
* She will not let me come near
- He will get angry
* He will feel bad
* Dad will feel bad

Nonobjectivity
- This is his stuation
* This is how my father has lived
* 

-----
- Being judged - The voucher conversation
        * She wont let me give
        * I do not do anything for her wishes
        * Getting juice for her and donating blood for her mother

------
Rewiring
Removing biases
Objectively thinking
How 
",OFNR - Self
2/10/2026 6:28:03,10/2/2025,"When I imagine others getting upset or leaving, I notice fear and tension in me. This tells me I deeply value connection, care, and harmony. I can acknowledge these needs without abandoning clarity or honesty. I choose to act from integrity rather than fear, even when I don’t know the outcome.",OFNR - Self
2/10/2026 22:13:52,2/10/2026,"Went to book trip at AMTPL and last moment decided to switch and check Parikh Holidays from Ankit. How somethings happen suddenly and I also got idea of having a night in Dehradun in return.

I still could not say her on face that I am checking in with my other friend.",Story
2/10/2026 22:15:54,2/10/2026,"Rolex discussion
I accidently asked abhishek that is your watch rolex then I went on to appreciate him for how careful he is with this stuff. Then I also shared that when I was listening to this episode I was looking to buy on is this me or why would I say that was I authentic. He said Minal gifted him and he was not aware of the price.

Not sure was I trying to make him feel good. Do I think buying rolex is worth or not? Can I share that opinion with him?",People Pleasing
2/10/2026 22:19:38,2/10/2026,Today in meeting first I decided that before 31st March I would try and ship cameras and then Parth said that we need to be extra careful here I started agreeing with him. This is sign of weak judgement or hasty decision making.,Quick Opinion Change
2/12/2026 5:44:23,10/6/2025,"- Need to.improve.amd. understand 2 ppl
* Karma Theory at Play (think of kids hardik and dad and how can you do for them when they have their karmas)
* How am I preserving others impression that I have created.
* From being good to being authentic and then being right
",Thoughts
2/12/2026 5:45:27,10/3/2025,"How to be a right brother not a good brother
Good is opposite of Right
How to be a right son and not a good son
What do I understand about him?",Thoughts
2/12/2026 5:47:43,10/2/2025,"With dad to manek chowk
How everything can be understood by Vedic philosophy
Karm fal
Jad Chetan 
",Thoughts
2/12/2026 5:48:53,10/1/2025,"3 things 
- ambivalence 
- no clarity
- righteousness
",Thoughts
2/12/2026 5:49:46,9/30/2025,"Hardik said
- how dad treats him and others
- how he sees long term relationship between 2 brothers
- how he does for everyone and does not get appreciated at all
- how all this is not solvable or how this gets solved
- how he sees near and dear ones mistrusting him the most ?
- how he has tried to save everyone and lost in the end, in his work past.
",Event
2/12/2026 5:50:27,9/27/2025,"Experience with dad
Zoho Example
Price from Durga Hardware
How he sees his life on the way to Vijay Sales
My inner thoughts during these times. How i can be less agitated or argumentative within.
",Event
2/12/2026 5:51:05,9/20/2025,"During PTM
we were talking about Samaira and how others should treat
if not friend, if not want to talk, but make sure you do not disrespect and hurt anyone.
We expect behaviour which is respectful and does not hurt other.
",Event
2/12/2026 5:51:46,9/19/2025,"Hardik is right vs I will treat him this way
How is he and how we are treating him or how you are treating him? vs what I want, how will I treat?
Do not defend anyone
what do you think
what do you want
What do you OFNR?
",OFNR - Self
2/12/2026 5:52:32,9/19/2025,"Wrong defence and timely defence or opportunistic defense is worst
- I was comparing Birva and Hardik
timing : when payal shared his feelings for birva being good at heart (opportunistic)
defence : what did he do when he was in good state, how does he handle family when we are not around (wrong)
",Thoughts
2/12/2026 5:53:03,2/19/2026,"Last fever has made me crave for taste
I started looking for taste in every bite",OFNR - Self
2/12/2026 5:53:42,9/18/2025,"Dad said have agal vicharvu joiye pachhal jovanu nahi. It was from old things coming as waste from renovation.

Let us not design our lives on the basis of his situation or his thoughts for a long time. He will have to update few things else we will keep doing it.
What he will think if we do this-  Hardik
What will happen to him if we do not do this?
",Thoughts
2/12/2026 5:54:14,9/11/2025,"When dad said about her mom and I did not stood up in front of him
",Event
2/12/2026 5:54:56,9/10/2025,"Charity begins at home
Birva does for mama
I want to do it for my family
However they are but they are my family
However they have treated you or biased for me they are my family.
My wish for Project sunshine and project jalsa
God will show me the way
If you can not financially help you can always have good feelings about them.
",Thoughts
2/12/2026 5:55:41,9/7/2025,"Mom punita dress
How I went on chance pe dance post I got her to treat her father
She did not like the way I said.
I was then starting to blame on situation and not clearly putting my point.",OFNR - Self
2/12/2026 5:56:22,9/4/2025,"DR Dad coming for dinner
hardik behaviour
my childish behaviour",Event
2/12/2026 5:56:52,9/4/2025,"How can he feel understood
Rima told me about how i did not hear Chirag and explained him what Vedant might be thinking
How I did not hear her and explained what Siddharth might be thinking
Am I defending?
",OFNR - Self
2/12/2026 5:57:19,9/4/2025,Bhagvan no dar while lying to anyone (Payal example to Aanshi about packet buying and hiding),Event
2/12/2026 5:58:28,7/30/2025,"Dad said 30th August
2.arguments
I have to fill petrol
I am not asking for any money in furniture ",Event
2/12/2026 6:07:37,8/28/2025,"Turning out to be a happy day
- started with Parna
* had a discusion around religion with Payal
* had discussed petpooja exit and kia to dad thing in the morning
* was little tired in the beginning
* was not sure about the presentation 
* but by the end of the day was happy about presentation preparation
* came home had lot of confidence and positive energy",Event
2/12/2026 6:08:45,8/4/2025,"Conversation with Hemal
Self talk around how can you really appreciate other point of view of Jainism even if you disagree
Can you disagree non violently 
",OFNR - Self
2/12/2026 22:17:54,2/12/2026,"When I came back home I saw dad and asked how is he feeling after Kaka has left. He first said which was anticipated response was that I am okay no feelings. and then I asked we all have feelings but we have not to learnt to recognized it or even accept it. And then he said I will miss him a lot and he takes me back to pole days.

How much are we  unaware of feelings and how can we be more humans with feelings and emotions?",Story
2/12/2026 22:23:51,2/12/2026,"During today’s meeting, when I shared my opinions, asked hard questions, and spoke without worrying about time (O), I felt excited, confident, and energised (F), because my needs for self-expression, contribution, and autonomy were met (N).",OFNR - Self
2/12/2026 22:25:57,2/12/2026,In morning when payal was sharing how she is different then me and she does not mind reacting at places where people need to be shown boundaries. I could say that I am not her and I will react differently.,Be Yourself
2/12/2026 22:27:38,2/12/2026,"Before meeting with Andrew, after reading memo I felt this is not the right guy to go with and I shared my opinion on the similar lines about him. Post meeting I had positive thoughts about him and what he shared. More so was more clear on Global Cricket market.",Quick Opinion Change
2/16/2026 22:55:44,2/16/2026,"How my world changed? World changes when you get some external event or an internal event. I am working towards integrating NVC in my life to connect with others for better.

Today what happened.
During meeitng with Rima and product team I could see Rima's feeling of others priority.
During call with Amrita I could name her feeling of effectiveness.
During call with Rishab and Hiral in evening I could understand feeling of Hiral on how highlights have just started and this could ruin it and a potential of fear.

Coming back I could see my father worried when kaka's news came.
I could also see my daughter feeling longing and disappointed.

This language helped me see a world through a different lens.",Story
2/17/2026 22:28:02,2/17/2026,"Many times in life we try hard to get something or we feel something will be very difficult but when we start working in that direction it automatically happens or it goes out very smooth.

Nachiket when shared with Nidhi that I am shutting down, she was chill as opposed to whatever he might have thought.

Payal was thinking that what kind of job I can get in this market and she has an interview lined up with her desired salary.

I was thinking to work on AI tool some day and work on JTBD someday but this week they both got aligned and I am going to work on them.",Story
2/17/2026 22:42:23,2/17/2026,"Today lot of instances
1. During sprint meeting with developers. I went with idea of using AI and then sold into their idea. Seeing pola.rs I thought that I am not good at CTO stuff as well. What is happening?
2. When Rishab told me post interview that why were you clarifying so much and then took me to say that let us not find lead right now and I got convinced. I questioned how will he perceive me as a leader and doubted myself for leadership.
3. When I could not nudge Siddharth not to do performance marketing or even I did not think of nudging parth further. I started giving in Power. I also did same with Rima and stopped putting my point. ",Low Confidence/ Self Doubt / Comparison
2/18/2026 6:17:30,2/17/2026,"What is happening since Abhishek has said that undivided attention.
I have started withdrawing from places 
a. business plan (No next steps defined)
b. current form (prep for Kashyap or Vinesh)
c. reducing to make comments in others work
d. I also felt that this current form is not happening properly.

Instead I have started focusing more on video and trying to streamline it.

I have also thought that Capture is not performing well and constantly under thoughts that it is not working and I am doing something wrong.

I have also started thinking that he does not value this level up work as much because I know the way he works and thinks about people growth.

What I need is understand is
a. Things are progressing and working fine. Capture is doing great except few cases. The new PCB is great and testing is going on.
b. I need to keep improving my level up role and keep making things better at company level.
c. I first need to get capture handle and for time being give it more priority. 
d. I do not need to undermine myself or my work at all. If I do that that will be biggest blow to my work.

So finally
a. Video is exciting we are working on new bets and it can increase our moat.
b. Capture is progressing and we are making it solid day by day. We are also building team.
c. Level Up has done great in last year we need to put in more efforts here.
d. Start working on plan for next steps.",Thoughts
2/22/2026 8:18:33,2/18/2026,"Kaka was calling me to complete car loan and he sent a series of messages.
Payal read that he was saying that I was doing Jugaad she did not like it and she got upset.
I went to take Shaurya from a birthday party. She did not come.
I told kaka that I am not doing jugaad I have not used a single money that he has sent.
I do not need car but there is one car if it comes I can take back my car.
I took some things in heat of the moment.",Event
2/22/2026 8:24:04,2/19/2026,"19th Feb - Our 19th Anniversary.
There was no celebratory mood from Payal as she was constantly thinking that how can someone say me for what I have not done.
She was also disparaging on why she got married.
This morning I also got message from Bank that my SGB limit is over and I need to pay 30k there. So I was also under some tension of money.
I came back from office after first half had a good sleep in afternoon.
No fixed plans in evening she was not feeling well just went out on a ride and she had a sandwich.
I also called dad during afternoon and told him few things which I did not like mainly around car and current situation of Hardik. What he told me stayed with me.
a. I will not use car.
b. Hardik will not be able to buy, how can he run house in 65k.
c. Sorry that I am telling you this.
d. You have spent so much on house it is hard to believe that you are in difficult situation from finance.
e. I am happy I have seen worse days than this in my life so I am happy with whatever I have.",Event
2/22/2026 8:26:10,2/20/2026,"We both had to go to school.
Aanshi had exams, so I dropped her.
We both left early from home.
Were together on lunch.
Things came normal.",Event
2/25/2026 5:53:28,2/24/2026,When I came back from USA loved staying there and somethings that I liked there and decided to follow it here. Yesterday one such thing happened when I was at Zudio. How I could have started yelling or pressing the counter person to do something but I waited patiently like a US citizen and waited for my turn to come.,Story
2/25/2026 6:00:02,2/24/2026,"Shaurya yesterday told me that I get frustrated when the opposite player does celebration on winning a point in badminton and I then get angry. I keep telling him that you should focus on your game getting frustrated or angry is not helping you improve your game.

“When the other player celebrates, I imagine it feels irritating or distracting. I want you to enjoy the game and stay strong. What do you think could help you stay focused even when that happens?”

Now you're not dismissing emotion.
You're coaching emotional regulation.",OFNR - Other
2/25/2026 6:06:02,2/24/2026,"“When I see you getting angry after the opponent celebrates (O), I feel concerned and protective (F), because I value your growth and resilience (N). Would you be open to exploring what might help you stay strong in those moments? (R)”

3 ways
Curiosity
Skill building
Normalize and Guide",OFNR - Self
2/25/2026 6:09:39,2/24/2026,"“When I see a lot of sweets being eaten, I feel concerned because I care about your health and athletic growth. I’d like us to think together about what balance would support your energy and strength.”",OFNR - Self
2/25/2026 6:14:44,2/24/2026,"I became parent twice yesterday
- do not get angry while playing it is not good focus on your game
- do not eat more than 2 sweets a day I want you to become a great athlete.

No NVC more of moral guidance, control, correction.",Story
2/25/2026 22:03:43,2/25/2026,"The only way to solve and win through problem is to work towards it.
Today I felt so good when I started making consistent effort of owning and sharing capture work. Another subtle thing is when you start overcoming your fears.
- subsidy discussion
- Maharshi KT
- Production plan discussion
- Claude Code trial and understanding Python Code.
- Do whatever it takes

Again all of what I may have read is coming to life;.",Story
2/25/2026 22:28:14,2/25/2026,Today morning I took good care of her and she could feel it when I ensured that she gets time for call and she can do exercise even she could feel that care also we talked about trip on the walk. I am able to sense her feelings and needs.,Payal Letter / Loving Her
2/25/2026 22:34:15,2/25/2026,"When Aanshi started teasing me by keeping lights on and laughing at it.
""When you turned the lights on to tease me, I felt hurt and a little dismissed, because this value of not wasting resources is something I genuinely care about and it matters to me that you understand that, even if you don't share it the same way.""",OFNR - Self
2/26/2026 22:20:50,2/26/2026,"All performances are not same.
We keep talking about recognition at CricHeroes and when we see from onset we feel that this performance someone must buy and then when we talk to users we learn that they do not value individual match performances, normal tournament match performances, they value critical tournament match performances and if they already perform well they also do not value all good performances.",Story
2/26/2026 22:22:27,2/26/2026,"How older memories or learnings make it so fulfilling.

Today I was taking KT from Maharshi and it reminded me of few things from my college like
Plan and elevation
Isometric and orthogonal projection
Strength of materials

Even some school fundamentals
Copper better conductor

How science and building physical objects is different than building softwares.",Story
2/26/2026 22:24:02,2/26/2026,"AI as a powerful tool

How humans have always got powerful tools in history and they have helped mankind.
AI looks like most powerful tool till date and even powerful than human.
Let us see how humans use it and benefit and make larger good.

How software as a line came and how software will eat itself and comoditize.
How other engineerings will become more valuable.",Story
3/1/2026 15:58:02,2/24/2026,"I used to think that turning off all the unnecessary lights and kept telling that to everyone. This is what I inherited from my parents.
Now that day it stuck me that kids do not think that way. 
there is also another way to see lights giving beauty to home.
So let me also not think from only savings point of view.
So now I do not make fuss of it some times I keep them on and not tell everyone to keep it off.",Thoughts
3/8/2026 1:03:36,3/6/2026,"Your OFNR:
Observation: The TV time extended beyond 20 minutes and I started feeling unproductive.
Feeling: Restless. Anxious. Perhaps a quiet guilt about time passing without purpose.
Need: To use time meaningfully. To not feel like things are slipping out of order.
Request to yourself: Can I notice this restlessness without acting on it immediately? Can I sit with the discomfort for a little while in service of something equally valuable — which is just being with my children?",OFNR - Self
3/8/2026 1:04:29,3/6/2026,"Aanshi
Observation: Papa was watching TV with us and then suddenly shifted to checking on my habits mid-enjoyment.
Feeling: Dismissed. Disrupted. Perhaps a little sad — because she was enjoying him being there, not just the TV.
Need: To feel that this time with Papa is safe and uninterrupted. That she is enough reason for him to stay present.
Request she couldn't articulate but was underneath her reaction: ""Just be here with me. Nothing else right now.""
",OFNR - Other